Date,Price,Open,High,Low,Vol.,Change %
12/1/2017,61653,61570,62314,60992,1.17M,0.13%
12/4/2017,62893,62066,63802,61570,2.08M,2.01%
12/5/2017,60331,63636,64876,58512,4.46M,-4.07%
12/6/2017,60331,60826,60826,57769,3.24M,0.00%
12/7/2017,59504,59917,60992,58678,1.22M,-1.37%
12/8/2017,60331,58843,60744,57438,2.14M,1.39%
12/11/2017,59504,59504,60496,58678,1.28M,-1.37%
12/12/2017,58843,60331,60413,57025,1.38M,-1.11%
12/13/2017,59504,59091,59669,58595,662.60K,1.12%
12/14/2017,59504,59421,59917,58678,577.42K,0.00%
12/15/2017,58017,58430,59256,57934,5.06M,-2.50%
12/18/2017,61157,59008,61157,59008,1.45M,5.41%
12/19/2017,60744,61653,62397,60578,1.22M,-0.68%
12/20/2017,60744,60578,61074,59835,1.82M,0.00%
12/21/2017,60331,61074,62397,60331,2.08M,-0.68%
12/22/2017,62479,60909,62479,60661,2.73M,3.56%
12/25/2017,64463,62810,64463,62645,1.69M,3.18%
12/26/2017,64463,64711,65289,64297,2.79M,0.00%
12/27/2017,63802,64463,65289,63388,3.54M,-1.03%
12/28/2017,63967,64050,64876,63967,1.34M,0.26%
12/29/2017,63884,64132,66033,63636,2.55M,-0.13%
1/2/2018,64628,64132,64876,63967,1.74M,1.16%
1/3/2018,66529,65702,68760,64959,6.07M,2.94%
1/4/2018,66942,67355,68678,66529,3.55M,0.62%
1/5/2018,66116,66942,66942,65289,3.42M,-1.23%
1/8/2018,66364,66116,67686,65372,4.81M,0.38%
1/9/2018,66612,66859,68182,66116,3.97M,0.37%
1/10/2018,66777,66942,68017,66612,4.27M,0.25%
1/11/2018,66942,66777,67934,66198,3.91M,0.25%
1/12/2018,70578,67355,71322,67190,6.83M,5.43%
1/15/2018,72066,71405,73388,71157,4.83M,2.11%
1/16/2018,71074,72066,72314,70248,4.88M,-1.38%
1/17/2018,69421,71074,71736,68595,4.43M,-2.33%
1/18/2018,69752,68595,69752,66529,3.05M,0.48%
1/19/2018,69421,70248,71240,69421,5.50M,-0.47%
1/22/2018,70248,69835,70744,69421,2.39M,1.19%
1/25/2018,70331,70248,73967,70248,7.86M,0.12%
1/26/2018,70661,71074,71488,70165,2.27M,0.47%
1/29/2018,70661,71074,72149,70413,1.99M,0.00%
1/30/2018,70248,70661,70909,69008,3.06M,-0.58%
1/31/2018,71074,70661,73058,70331,6.25M,1.18%
2/1/2018,71570,72314,72562,70248,2.96M,0.70%
2/2/2018,72066,71488,73140,71488,5.01M,0.69%
2/5/2018,67025,70578,71074,67025,3.13M,-6.99%
2/6/2018,67025,62397,67025,62397,7.76M,0.00%
2/7/2018,66942,67769,68512,66942,1.90M,-0.12%
2/8/2018,65289,66116,66942,65289,1.25M,-2.47%
2/9/2018,64628,62810,64959,61570,1.83M,-1.01%
2/12/2018,69091,65289,69091,65289,1.70M,6.91%
2/13/2018,71157,70248,71901,69421,1.65M,2.99%
2/21/2018,74380,72645,76033,72149,3.67M,4.53%
2/22/2018,74793,74380,76033,73636,2.49M,0.56%
2/23/2018,75702,75207,76033,75207,1.59M,1.22%
2/26/2018,78512,76033,79752,76033,3.22M,3.71%
2/27/2018,77273,79752,80083,76446,2.80M,-1.58%
2/28/2018,78430,76281,78595,76281,2.00M,1.50%
3/1/2018,77686,78017,79174,77107,1.49M,-0.95%
3/2/2018,78099,76033,78926,76033,1.06M,0.53%
3/5/2018,77686,78512,82314,77686,2.37M,-0.53%
3/6/2018,81405,79339,81405,77686,1.89M,4.79%
3/7/2018,81488,81405,82645,79752,1.88M,0.10%
3/8/2018,85289,80992,86281,80909,3.02M,4.66%
3/9/2018,85537,85289,87603,82645,3.86M,0.29%
3/12/2018,82645,85124,86033,82397,5.03M,-3.38%
3/13/2018,84793,82645,85041,82562,1.65M,2.60%
3/14/2018,84711,84711,86694,84711,2.48M,-0.10%
3/15/2018,82231,85041,85041,82231,3.37M,-2.93%
3/16/2018,82397,82149,83471,82149,3.74M,0.20%
3/19/2018,86281,82810,86777,82810,1.45M,4.71%
3/20/2018,86116,85124,87190,85124,1.27M,-0.19%
3/21/2018,89256,86694,89752,86364,4.26M,3.65%
3/22/2018,89256,90083,91488,89256,2.74M,0.00%
3/23/2018,90496,87273,91901,87190,4.18M,1.39%
3/26/2018,94050,90909,96777,89669,5.67M,3.93%
3/27/2018,93388,96694,97355,93306,3.81M,-0.70%
3/28/2018,94628,93388,95868,92727,1.76M,1.33%
3/29/2018,95041,94628,95455,93802,1.91M,0.44%
3/30/2018,96859,95124,96859,94215,2.10M,1.91%
4/2/2018,101653,98099,102893,97521,2.97M,4.95%
4/3/2018,101074,100992,101653,99835,2.92M,-0.57%
4/4/2018,105372,101653,106529,101653,2.35M,4.25%
4/5/2018,108264,109091,109917,107190,3.86M,2.74%
4/6/2018,109421,107438,109504,107190,2.36M,1.07%
4/9/2018,111488,111570,111983,109917,3.88M,1.89%
4/10/2018,108264,111570,113058,108264,5.44M,-2.89%
4/11/2018,104132,108760,110331,102479,3.89M,-3.82%
4/12/2018,104959,102479,105620,100331,4.35M,0.79%
4/13/2018,105455,105785,107934,104959,2.53M,0.47%
4/16/2018,106364,105785,106777,102893,2.04M,0.86%
4/17/2018,107438,107438,109091,105372,2.79M,1.01%
4/18/2018,107355,108264,109091,107355,2.79M,-0.08%
4/19/2018,99917,106281,106612,99917,6.67M,-6.93%
4/20/2018,101653,99917,102893,94132,5.04M,1.74%
4/23/2018,101818,102479,103967,101488,5.85M,0.16%
4/24/2018,104959,99174,105455,97686,10.55M,3.08%
4/26/2018,104959,104793,104959,101570,7.79M,0.00%
4/27/2018,104132,101405,104545,100826,3.65M,-0.79%
5/2/2018,103306,104132,104132,99174,6.30M,-0.79%
5/3/2018,101653,101653,104215,100826,5.72M,-1.60%
5/4/2018,102893,100496,103388,99174,3.89M,1.22%
5/7/2018,102975,102066,103306,102066,1.28M,0.08%
5/8/2018,102397,102975,103223,101818,1.53M,-0.56%
5/9/2018,101570,101322,101818,100661,2.04M,-0.81%
5/10/2018,99587,101488,101488,99174,2.16M,-1.95%
5/11/2018,102479,99256,102479,98347,1.63M,2.90%
5/14/2018,109091,103306,109091,103306,2.86M,6.45%
5/15/2018,109091,110661,111405,109091,2.07M,0.00%
5/16/2018,107438,109091,109091,105785,1.06M,-1.52%
5/17/2018,101653,107438,107438,101240,2.14M,-5.38%
5/18/2018,101653,100826,103306,99587,1.84M,0.00%
5/21/2018,94545,101653,101653,94545,2.73M,-6.99%
5/22/2018,87934,91570,94215,87934,3.13M,-6.99%
5/23/2018,85124,83554,87851,81818,2.86M,-3.20%
5/24/2018,86033,85124,86777,83636,3.67M,1.07%
5/25/2018,88430,86033,91405,82645,3.21M,2.79%
5/28/2018,91736,84959,91736,84711,3.82M,3.74%
5/29/2018,90909,87851,92149,87686,2.06M,-0.90%
5/30/2018,91736,90992,93802,87521,2.21M,0.91%
5/31/2018,95868,92397,96694,90083,6.74M,4.50%
6/1/2018,98347,95372,99174,94215,5.12M,2.59%
6/4/2018,99174,98347,99256,97934,1.09M,0.84%
6/5/2018,100083,99174,101240,98016,1.21M,0.92%
6/6/2018,102562,99174,102810,97273,2.48M,2.48%
6/7/2018,102645,103223,103636,101818,1.79M,0.08%
6/8/2018,102645,101818,103140,100826,1.09M,0.00%
6/11/2018,102727,102479,103388,101240,1.74M,0.08%
6/12/2018,102810,99174,102975,99174,2.52M,0.08%
6/13/2018,105785,100826,105785,100826,2.21M,2.89%
6/14/2018,104132,106446,106446,103306,1.91M,-1.56%
6/15/2018,102066,104132,104793,102066,5.77M,-1.98%
6/18/2018,101983,102066,104050,101240,1.71M,-0.08%
6/19/2018,101653,100413,101983,96694,2.45M,-0.32%
6/20/2018,103306,101653,103306,100826,1.06M,1.63%
6/21/2018,102479,103306,103719,100992,2.06M,-0.80%
6/22/2018,101488,103223,103223,101488,558.56K,-0.97%
6/25/2018,102231,103306,103306,101653,680.81K,0.73%
6/26/2018,102149,100000,102397,99587,922.41K,-0.08%
6/27/2018,103471,102149,103967,101653,1.43M,1.29%
6/28/2018,107500,105000,110700,105000,1.19M,3.89%
6/29/2018,107500,105100,107800,105100,2.97M,0.00%
7/2/2018,107200,106000,108500,106000,953.20K,-0.28%
7/3/2018,99700,106000,107000,99700,3.21M,-7.00%
7/4/2018,105000,99500,106200,97000,1.97M,5.32%
7/5/2018,106500,104000,107300,103000,1.42M,1.43%
7/6/2018,106200,104100,106900,101800,1.43M,-0.28%
7/9/2018,105000,106000,107300,104500,701.99K,-1.13%
7/10/2018,103000,105000,106500,102500,795.03K,-1.90%
7/11/2018,104500,101000,104500,100000,840.12K,1.46%
7/12/2018,103000,104900,104900,101000,357.71K,-1.44%
7/13/2018,103000,104200,104200,102000,564.04K,0.00%
7/16/2018,102500,103500,103500,101000,1.07M,-0.49%
7/17/2018,104000,101000,104100,100000,1.21M,1.46%
7/18/2018,105000,102500,105000,102500,1.92M,0.96%
7/19/2018,105000,105000,105000,103000,2.86M,0.00%
7/20/2018,103600,103500,105000,103500,2.19M,-1.33%
7/23/2018,104000,103600,106500,103300,1.26M,0.39%
7/24/2018,104500,104000,105600,104000,1.49M,0.48%
7/25/2018,104400,104500,105400,104100,755.57K,-0.10%
7/26/2018,106000,105300,106000,104400,1.30M,1.53%
7/27/2018,106400,107000,107600,105700,1.19M,0.38%
7/30/2018,106400,106900,106900,105600,1.16M,0.00%
7/31/2018,106400,106000,107500,105100,1.90M,0.00%
8/1/2018,106500,106300,107500,106300,1.27M,0.09%
8/2/2018,106700,106500,107400,106200,1.63M,0.19%
8/3/2018,111500,107200,112700,106800,2.53M,4.50%
8/6/2018,111500,112000,112900,109700,3.67M,0.00%
8/7/2018,110300,111000,111500,109900,1.10M,-1.08%
8/8/2018,108800,109700,110900,108600,1.62M,-1.36%
8/9/2018,104200,107500,108700,104000,2.82M,-4.23%
8/10/2018,104200,104000,105800,101000,1.89M,0.00%
8/13/2018,102800,103500,104000,101400,1.73M,-1.34%
8/14/2018,103300,102800,104600,101800,1.17M,0.49%
8/15/2018,101900,103300,104300,101900,644.81K,-1.36%
8/16/2018,102100,100100,103100,100100,1.23M,0.20%
8/17/2018,102300,102100,103300,102100,449.53K,0.20%
8/20/2018,102600,102000,103200,102000,1.00M,0.29%
8/21/2018,103100,102500,103100,102000,1.04M,0.49%
8/22/2018,103600,103500,104100,103100,795.47K,0.48%
8/23/2018,104600,104000,105900,104000,1.81M,0.97%
8/24/2018,104000,104600,105100,103800,1.26M,-0.57%
8/27/2018,104200,104100,105000,103800,839.36K,0.19%
8/28/2018,104200,103600,104500,103500,617.62K,0.00%
8/29/2018,103000,104200,104200,103000,533.72K,-1.15%
8/30/2018,103400,103000,103500,102500,1.17M,0.39%
8/31/2018,103400,103300,103400,101500,1.81M,0.00%
9/4/2018,102100,103400,103400,102000,343.19K,-1.26%
9/5/2018,101500,102100,102800,101500,610.50K,-0.59%
9/6/2018,98000,101100,101500,98000,918.94K,-3.45%
9/7/2018,97200,96100,99000,96100,698.83K,-0.82%
9/10/2018,99300,98000,99900,97100,896.45K,2.16%
9/11/2018,101200,98500,102000,98500,726.37K,1.91%
9/12/2018,101400,101200,103000,101100,629.76K,0.20%
9/13/2018,100300,101400,102000,100000,422.54K,-1.08%
9/14/2018,101000,100300,101500,99700,614.37K,0.70%
9/17/2018,99000,100800,101300,98900,465.65K,-1.98%
9/18/2018,99600,98000,99600,98000,613.16K,0.61%
9/19/2018,98600,99600,100100,98500,416.47K,-1.00%
9/20/2018,98500,98200,99500,98200,449.42K,-0.10%
9/21/2018,98600,98500,99300,98400,1.58M,0.10%
9/24/2018,99600,98600,100300,98600,323.61K,1.01%
9/25/2018,99500,99600,99600,99200,426.72K,-0.10%
9/26/2018,99000,99200,99300,99000,505.18K,-0.50%
9/27/2018,98600,99000,99200,98500,497.46K,-0.40%
9/28/2018,98300,98600,98600,98100,857.91K,-0.30%
10/1/2018,98500,99900,102500,98500,1.27M,0.20%
10/2/2018,102000,99900,102000,99700,1.21M,3.55%
10/3/2018,102200,103000,103900,101800,860.38K,0.20%
10/4/2018,100600,102100,102200,100600,635.15K,-1.57%
10/5/2018,98500,99900,100400,98300,1.87M,-2.09%
10/8/2018,96600,97600,98300,96400,1.77M,-1.93%
10/9/2018,96600,96600,97300,96100,944.59K,0.00%
10/10/2018,96600,96600,97700,96500,1.21M,0.00%
10/11/2018,93000,92000,94400,89900,3.28M,-3.73%
10/12/2018,96000,93000,97500,92800,1.74M,3.23%
10/15/2018,95500,96000,96700,94000,720.50K,-0.52%
10/16/2018,98600,95000,98600,94200,1.29M,3.25%
10/17/2018,99000,98600,99600,98200,1.31M,0.41%
10/18/2018,99100,98500,99200,98000,896.14K,0.10%
10/19/2018,99100,96500,99100,96500,915.87K,0.00%
10/22/2018,99100,98100,99600,97100,536.93K,0.00%
10/23/2018,99000,98100,99000,96500,608.75K,-0.10%
10/24/2018,98800,98000,99500,97500,681.29K,-0.20%
10/25/2018,96800,96700,98200,94600,404.05K,-2.02%
10/26/2018,96400,96200,98000,95700,653.11K,-0.41%
10/29/2018,97200,95500,97700,95000,643.70K,0.83%
10/30/2018,96600,95500,97300,95500,452.08K,-0.62%
10/31/2018,97200,95600,97200,95600,582.47K,0.62%
11/1/2018,95500,96500,96800,95000,1.23M,-1.75%
11/2/2018,96000,95600,96700,95500,1.48M,0.52%
11/5/2018,96000,96000,96500,95100,664.13K,0.00%
11/6/2018,95800,96000,96500,95400,597.17K,-0.21%
11/7/2018,96000,96300,96300,94300,608.18K,0.21%
11/8/2018,96000,96000,96600,95800,383.03K,0.00%
11/9/2018,95900,95000,96000,95000,602.57K,-0.10%
11/12/2018,95900,95800,96000,95500,720.99K,0.00%
11/13/2018,93300,94800,95000,93300,598.80K,-2.71%
11/14/2018,94700,93600,95100,93400,450.95K,1.50%
11/15/2018,91700,94700,94700,90900,689.54K,-3.17%
11/16/2018,90100,91700,92500,89800,895.70K,-1.74%
11/19/2018,96400,90100,96400,90100,1.55M,6.99%
11/20/2018,97200,94700,97200,94700,1.47M,0.83%
11/21/2018,97300,97000,97300,95000,1.61M,0.10%
11/22/2018,98000,97200,98000,96500,1.35M,0.72%
11/23/2018,99000,98800,99000,97000,1.06M,1.02%
11/26/2018,100500,99000,100500,98000,642.52K,1.52%
11/27/2018,101500,100500,103200,100500,467.40K,1.00%
11/28/2018,102000,101500,102000,100800,577.60K,0.49%
11/29/2018,102000,102500,103000,101700,367.13K,0.00%
11/30/2018,101700,101000,102000,97500,1.02M,-0.29%
12/3/2018,101900,101800,103000,101300,262.71K,0.20%
12/4/2018,102000,102400,102400,101600,966.49K,0.10%
12/5/2018,102100,101900,102200,101000,461.24K,0.10%
12/6/2018,102100,102100,102200,101100,251.61K,0.00%
12/7/2018,102200,102100,102200,101500,460.96K,0.10%
12/10/2018,102100,102000,102200,101100,806.73K,-0.10%
12/11/2018,102200,102100,102200,101400,457.47K,0.10%
12/12/2018,102200,102200,102400,102000,403.32K,0.00%
12/13/2018,102800,102500,103900,101800,488.82K,0.59%
12/14/2018,102700,102200,103000,101600,234.66K,-0.10%
12/17/2018,102500,102000,102700,101900,205.95K,-0.19%
12/18/2018,102000,101800,102000,100000,531.47K,-0.49%
12/19/2018,102000,102000,102300,100500,506.60K,0.00%
12/20/2018,101900,101000,102000,100800,387.37K,-0.10%
12/21/2018,102000,100500,102000,100000,791.04K,0.10%
12/24/2018,102000,102000,102200,101300,216.96K,0.00%
12/25/2018,101900,100100,101900,100100,293.61K,-0.10%
12/26/2018,101900,101000,101900,101000,367.75K,0.00%
12/27/2018,102400,101000,102900,101000,690.68K,0.49%
12/28/2018,95300,103300,103400,95300,381.32K,-6.93%
1/2/2019,100400,101200,101300,97500,602.45K,5.35%
1/3/2019,100300,100000,100300,98200,496.95K,-0.10%
1/4/2019,100600,100000,100700,98000,458.00K,0.30%
1/7/2019,101000,100900,103000,99900,589.15K,0.40%
1/8/2019,101000,102000,102000,99700,494.30K,0.00%
1/9/2019,101500,101000,101900,99000,659.21K,0.50%
1/10/2019,101400,101200,101500,100000,551.98K,-0.10%
1/11/2019,101400,101000,101400,100100,569.03K,0.00%
1/14/2019,101400,101300,101900,100200,562.93K,0.00%
1/15/2019,101500,101400,101500,100400,711.45K,0.10%
1/16/2019,102000,101500,102100,100800,518.16K,0.49%
1/17/2019,102000,102000,102200,100700,325.13K,0.00%
1/18/2019,102200,101500,102200,100900,498.29K,0.20%
1/21/2019,102400,102200,102400,101300,404.25K,0.20%
1/22/2019,102400,102400,102400,101500,258.07K,0.00%
1/23/2019,102600,102000,103700,102000,299.57K,0.20%
1/24/2019,102800,102500,102900,102200,184.72K,0.19%
1/25/2019,102900,102800,103500,102200,306.67K,0.10%
1/28/2019,103700,102900,103700,102600,381.26K,0.78%
1/29/2019,103900,104900,104900,103000,225.31K,0.19%
1/30/2019,103900,103900,104000,102900,370.04K,0.00%
1/31/2019,103900,104000,104500,102500,651.02K,0.00%
2/1/2019,98800,103800,103800,98800,2.10M,-4.91%
2/11/2019,104000,102000,104000,101200,527.31K,5.26%
2/12/2019,109100,104900,109100,104000,769.11K,4.90%
2/13/2019,109000,108000,109300,107200,822.04K,-0.09%
2/14/2019,112900,109000,113000,109000,995.31K,3.58%
2/15/2019,112000,113000,113000,112000,670.90K,-0.80%
2/18/2019,113700,112500,113700,111700,829.15K,1.52%
2/19/2019,116000,113500,116600,113500,1.00M,2.02%
2/20/2019,116500,115200,116900,115200,678.80K,0.43%
2/21/2019,118400,116500,118400,116300,1.16M,1.63%
2/22/2019,117000,118000,118400,116600,720.97K,-1.18%
2/25/2019,116300,117000,117900,115900,624.89K,-0.60%
2/26/2019,115500,116000,116600,113500,792.71K,-0.69%
2/27/2019,117400,115500,117900,115500,824.62K,1.65%
2/28/2019,114000,117000,117400,113100,1.13M,-2.90%
3/1/2019,115100,114000,117000,114000,739.26K,0.96%
3/4/2019,117400,116700,117600,115800,660.55K,2.00%
3/5/2019,117300,117400,117800,116900,706.06K,-0.09%
3/6/2019,117700,117700,117700,117100,377.28K,0.34%
3/7/2019,119200,117900,122500,117800,1.80M,1.27%
3/8/2019,118100,119000,119600,118100,845.28K,-0.92%
3/11/2019,118300,117000,118300,117000,429.39K,0.17%
3/12/2019,118600,119000,119400,118200,902.20K,0.25%
3/13/2019,117500,118500,120000,117000,1.26M,-0.93%
3/14/2019,118800,116500,118800,115600,1.16M,1.11%
3/15/2019,118700,119300,119300,117900,1.70M,-0.08%
3/18/2019,121300,120000,121300,119100,1.11M,2.19%
3/19/2019,121000,121300,122400,120700,1.19M,-0.25%
3/20/2019,120200,121000,121000,119100,780.19K,-0.66%
3/21/2019,117000,120000,120300,117000,1.21M,-2.66%
3/22/2019,118600,117000,118900,117000,1.11M,1.37%
3/25/2019,115200,117000,117300,115000,886.80K,-2.87%
3/26/2019,113700,115500,116800,113000,846.57K,-1.30%
3/27/2019,113900,115000,115900,113900,772.08K,0.18%
3/28/2019,115900,113900,115900,113900,561.88K,1.76%
3/29/2019,115900,115900,116800,115900,1.10M,0.00%
4/1/2019,116500,116400,116500,115800,828.43K,0.52%
4/2/2019,116300,116900,117200,116200,1.04M,-0.17%
4/3/2019,114900,115500,116000,114500,464.27K,-1.20%
4/4/2019,115100,115300,115800,114100,383.73K,0.17%
4/5/2019,115100,115300,115400,114600,235.79K,0.00%
4/8/2019,115500,115200,115800,114800,435.19K,0.35%
4/9/2019,113000,116000,116000,112800,1.16M,-2.16%
4/10/2019,111800,113000,114000,110900,696.00K,-1.06%
4/11/2019,115000,111800,115000,111800,350.81K,2.86%
4/12/2019,113200,115000,115000,113000,551.99K,-1.57%
4/16/2019,113100,109500,113100,108000,1.23M,-0.09%
4/17/2019,110000,111300,113000,110000,960.22K,-2.74%
4/18/2019,109000,109500,110000,105000,891.24K,-0.91%
4/19/2019,110100,110000,110600,108200,414.05K,1.01%
4/22/2019,111900,109000,111900,107000,794.06K,1.63%
4/23/2019,113000,111900,113000,111000,534.66K,0.98%
4/24/2019,113800,113000,114000,112100,447.82K,0.71%
4/25/2019,113600,113800,113800,112000,503.49K,-0.18%
4/26/2019,113700,112000,113700,112000,826.05K,0.09%
5/2/2019,113600,113800,113900,113000,190.97K,-0.09%
5/3/2019,112500,113700,113700,112100,705.50K,-0.97%
5/6/2019,112200,112000,112300,110200,290.58K,-0.27%
5/7/2019,112600,112200,113300,111000,421.35K,0.36%
5/8/2019,112600,111500,112700,111400,348.50K,0.00%
5/9/2019,112600,112700,112700,111600,314.14K,0.00%
5/10/2019,112700,112600,113000,112200,289.16K,0.09%
5/13/2019,112900,111900,112900,111700,439.20K,0.18%
5/14/2019,113500,112000,113500,111900,539.28K,0.53%
5/15/2019,115300,113500,116200,113400,456.79K,1.59%
5/16/2019,116900,115300,118900,115300,773.01K,1.39%
5/17/2019,116900,117000,118100,116100,464.26K,0.00%
5/20/2019,117500,117000,117500,116100,406.34K,0.51%
5/21/2019,117500,118700,118700,116300,708.62K,0.00%
5/22/2019,117500,117200,118100,116000,382.33K,0.00%
5/23/2019,117000,117000,117600,116200,249.83K,-0.43%
5/24/2019,115000,115500,116200,114300,628.56K,-1.71%
5/27/2019,115000,114000,115900,114000,166.08K,0.00%
5/28/2019,114000,116000,116000,114000,503.27K,-0.87%
5/29/2019,115200,114900,115400,114000,357.95K,1.05%
5/30/2019,115000,115200,116200,115000,572.81K,-0.17%
5/31/2019,114600,115800,115800,114600,296.61K,-0.35%
6/3/2019,114500,114000,115500,113000,281.51K,-0.09%
6/4/2019,114600,113600,115400,113600,262.74K,0.09%
6/5/2019,115900,115000,115900,115000,244.40K,1.13%
6/6/2019,115900,115900,115900,114400,167.50K,0.00%
6/7/2019,117000,116600,117000,116100,286.94K,0.95%
6/10/2019,117600,117200,118700,117200,955.89K,0.51%
6/11/2019,117000,117600,117800,117000,308.91K,-0.51%
6/12/2019,116000,117000,117500,116000,258.35K,-0.85%
6/13/2019,115500,115200,115900,115200,267.94K,-0.43%
6/14/2019,115500,116000,116000,114300,350.18K,0.00%
6/17/2019,114500,115900,116500,113800,415.39K,-0.87%
6/18/2019,114000,114700,115000,113800,433.86K,-0.44%
6/19/2019,115900,114700,115900,114500,135.22K,1.67%
6/20/2019,116000,116200,117100,115600,317.48K,0.09%
6/21/2019,114500,116500,116800,114500,594.21K,-1.29%
6/24/2019,116400,115000,116600,115000,228.39K,1.66%
6/25/2019,116400,116500,117200,116300,510.70K,0.00%
6/26/2019,116900,116300,117000,116000,515.02K,0.43%
6/27/2019,114900,117000,117000,114900,398.28K,-1.71%
6/28/2019,115700,115000,115900,113700,468.59K,0.70%
7/1/2019,117200,116700,117200,116100,562.11K,1.30%
7/2/2019,115800,117100,117300,115800,268.15K,-1.19%
7/3/2019,115400,115500,116000,114300,260.17K,-0.35%
7/4/2019,116500,115000,116500,115000,265.26K,0.95%
7/5/2019,116700,116000,116800,115800,307.40K,0.17%
7/8/2019,116000,116500,116700,115800,285.84K,-0.60%
7/9/2019,116000,116000,116100,115200,187.33K,0.00%
7/10/2019,116800,117000,117500,116500,377.06K,0.69%
7/11/2019,116500,117300,117500,115600,363.38K,-0.26%
7/12/2019,116000,116900,117000,116000,169.92K,-0.43%
7/15/2019,114200,116000,116200,113800,514.90K,-1.55%
7/16/2019,115900,115000,116500,114200,473.36K,1.49%
7/17/2019,115500,116000,116300,115000,213.64K,-0.35%
7/18/2019,114800,115000,115900,114800,454.56K,-0.61%
7/19/2019,116000,114800,116000,114800,476.26K,1.05%
7/22/2019,103556,103111,103556,102222,445.39K,-10.73%
7/23/2019,106489,103556,106933,103556,1.69M,2.83%
7/24/2019,108445,107111,108622,106845,744.60K,1.84%
7/25/2019,109511,107200,111200,107200,833.00K,0.98%
7/26/2019,108533,109067,109600,108089,468.63K,-0.89%
7/29/2019,110578,109333,110578,108533,637.73K,1.88%
7/30/2019,108889,110578,111111,108445,412.50K,-1.53%
7/31/2019,108445,108889,109511,106845,457.30K,-0.41%
8/1/2019,110578,109333,110667,108889,411.58K,1.97%
8/2/2019,108889,108445,109422,108356,543.51K,-1.53%
8/5/2019,104889,108533,108533,104889,855.02K,-3.67%
8/6/2019,106489,103111,106489,102667,496.79K,1.53%
8/7/2019,104889,106489,106845,104533,389.19K,-1.50%
8/8/2019,108445,104889,108889,104889,613.32K,3.39%
8/9/2019,106845,108445,108889,106845,451.11K,-1.48%
8/12/2019,106667,106845,107733,106667,120.89K,-0.17%
8/13/2019,104978,106578,106667,104889,349.12K,-1.58%
8/14/2019,105422,106222,106667,105067,340.22K,0.42%
8/15/2019,107556,104000,107556,104000,368.01K,2.02%
8/16/2019,108445,106311,108711,106311,390.80K,0.83%
8/19/2019,108356,108889,108889,108000,238.44K,-0.08%
8/20/2019,107556,108356,108889,107556,232.36K,-0.74%
8/21/2019,108800,107556,108889,107556,284.42K,1.16%
8/22/2019,112089,109333,112445,109067,755.97K,3.02%
8/23/2019,111111,112089,112089,110756,577.41K,-0.87%
8/26/2019,110933,111111,111111,109689,400.42K,-0.16%
8/27/2019,108889,111022,111733,108889,446.92K,-1.84%
8/28/2019,108445,108622,109778,108356,273.07K,-0.41%
8/29/2019,108889,109778,109778,107645,394.27K,0.41%
8/30/2019,109778,108889,110133,108445,248.30K,0.82%
9/3/2019,109333,109778,110578,108622,196.20K,-0.40%
9/4/2019,108800,109333,109778,108178,433.69K,-0.49%
9/5/2019,108445,109245,109689,108445,341.00K,-0.33%
9/6/2019,107645,108445,109333,107556,315.37K,-0.74%
9/9/2019,108978,108356,109156,107645,186.45K,1.24%
9/10/2019,108445,109333,109511,108445,278.08K,-0.49%
9/11/2019,108000,108445,109156,107556,198.70K,-0.41%
9/12/2019,108000,108000,108533,107822,211.70K,0.00%
9/13/2019,108800,108533,109245,107378,313.31K,0.74%
9/16/2019,109156,108445,110845,108445,372.00K,0.33%
9/17/2019,109156,108533,110045,108445,468.93K,0.00%
9/18/2019,108622,108889,109156,108533,204.56K,-0.49%
9/19/2019,108000,108889,109156,107911,388.40K,-0.57%
9/20/2019,106133,107911,108356,106133,2.06M,-1.73%
9/23/2019,105778,106222,107022,105689,538.68K,-0.33%
9/24/2019,106756,105778,107022,105778,290.34K,0.92%
9/25/2019,106400,106756,106933,105778,288.66K,-0.33%
9/26/2019,105778,106667,106667,105600,375.75K,-0.58%
9/27/2019,106489,105778,106933,105600,297.34K,0.67%
9/30/2019,106489,106667,107733,106311,347.27K,0.00%
10/1/2019,106578,107111,107467,106400,170.96K,0.08%
10/2/2019,104889,106578,107111,104889,613.42K,-1.58%
10/3/2019,104889,104178,104889,104089,731.77K,0.00%
10/4/2019,104889,104889,105511,104622,280.18K,0.00%
10/7/2019,104000,104889,104978,103556,525.51K,-0.85%
10/8/2019,104089,104178,104267,103467,397.96K,0.09%
10/9/2019,104000,103911,105156,103733,249.22K,-0.09%
10/10/2019,103911,104445,104622,103822,307.65K,-0.09%
10/11/2019,104889,104445,104889,103733,370.07K,0.94%
10/14/2019,104889,105333,106489,104445,402.92K,0.00%
10/15/2019,105245,104889,106045,104889,249.83K,0.34%
10/16/2019,104889,105778,105778,104622,252.75K,-0.34%
10/17/2019,104000,104800,105333,103911,539.00K,-0.85%
10/18/2019,104000,104000,104000,103556,294.14K,0.00%
10/21/2019,103911,104000,105156,103111,231.28K,-0.09%
10/22/2019,103822,104889,104889,103822,197.65K,-0.09%
10/23/2019,104089,103822,104445,103822,146.48K,0.26%
10/24/2019,104178,104089,104178,103556,446.52K,0.09%
10/25/2019,104178,104000,104356,103733,330.42K,0.00%
10/28/2019,104622,104000,104978,103733,301.91K,0.43%
10/29/2019,104711,104622,104800,104356,210.40K,0.08%
10/30/2019,106311,104889,106578,104711,676.05K,1.53%
10/31/2019,105778,106667,107022,105778,945.81K,-0.50%
11/1/2019,108889,106667,108889,106222,842.70K,2.94%
11/4/2019,108178,108889,108889,107289,348.39K,-0.65%
11/5/2019,108000,107556,108445,107467,293.09K,-0.16%
11/6/2019,108356,108000,108889,107556,582.53K,0.33%
11/7/2019,107378,108445,108711,107378,277.58K,-0.90%
11/8/2019,107111,108089,108089,106667,554.57K,-0.25%
11/11/2019,105689,107111,107111,105689,316.46K,-1.33%
11/12/2019,106133,105689,106578,105422,178.34K,0.42%
11/13/2019,105778,105689,106133,105245,363.93K,-0.33%
11/14/2019,106045,105778,106489,105600,281.36K,0.25%
11/15/2019,106311,105956,107378,105600,268.21K,0.25%
11/18/2019,104978,106489,106489,104800,301.30K,-1.25%
11/19/2019,104089,104889,105067,103822,552.95K,-0.85%
11/20/2019,103111,104178,104178,103111,793.59K,-0.94%
11/21/2019,102489,104000,104000,101156,1.76M,-0.60%
11/22/2019,103289,103022,103911,102489,347.56K,0.78%
11/25/2019,103111,103289,103289,102667,263.45K,-0.17%
11/26/2019,102400,103111,103111,102311,1.16M,-0.69%
11/27/2019,102756,102400,103378,102311,342.71K,0.35%
11/28/2019,102845,102311,103111,101600,262.10K,0.09%
11/29/2019,102845,102845,103200,101778,230.67K,0.00%
12/2/2019,102222,102667,103378,101156,337.55K,-0.61%
12/3/2019,102222,102222,103378,101511,337.65K,0.00%
12/4/2019,102667,101511,102667,101511,202.39K,0.43%
12/5/2019,102933,103111,103200,102667,188.16K,0.26%
12/6/2019,103022,103111,103378,102578,162.83K,0.09%
12/9/2019,103022,102933,103022,102222,211.87K,0.00%
12/10/2019,103022,102667,103022,100978,647.79K,0.00%
12/11/2019,103022,103022,103022,101778,339.04K,0.00%
12/12/2019,103111,103111,103111,102400,375.81K,0.09%
12/13/2019,103111,102933,103111,102133,332.29K,0.00%
12/16/2019,102933,103111,103111,102045,424.14K,-0.17%
12/17/2019,102933,102933,102933,101778,307.16K,0.00%
12/18/2019,102933,102222,103022,101778,952.98K,0.00%
12/19/2019,102933,102222,103111,101333,1.10M,0.00%
12/20/2019,102933,102933,102933,101956,944.10K,0.00%
12/23/2019,102845,102933,102933,101600,665.30K,-0.09%
12/24/2019,102667,102756,102756,101600,506.21K,-0.17%
12/25/2019,102667,102489,102667,101600,391.89K,0.00%
12/26/2019,102578,102489,102845,101689,570.81K,-0.09%
12/27/2019,102400,102578,102578,101333,634.58K,-0.17%
12/30/2019,102222,101778,102222,101511,567.09K,-0.17%
12/31/2019,102222,102222,102222,101422,691.46K,0.00%
1/2/2020,102222,102133,102222,101333,495.32K,0.00%
1/3/2020,102489,102222,102489,101600,280.06K,0.26%
1/6/2020,101778,102222,102222,101689,339.65K,-0.69%
1/7/2020,101956,101778,102222,101600,206.90K,0.17%
1/8/2020,101600,101778,101956,100978,527.52K,-0.35%
1/9/2020,101956,101600,102311,101511,308.10K,0.35%
1/10/2020,102045,102222,102222,101956,179.01K,0.09%
1/13/2020,102133,101956,102311,101778,165.02K,0.09%
1/14/2020,102222,102133,102311,101600,113.79K,0.09%
1/15/2020,102222,102222,102222,101600,231.30K,0.00%
1/16/2020,102222,102222,102311,101600,210.08K,0.00%
1/17/2020,102133,102133,102311,101689,190.24K,-0.09%
1/20/2020,102133,102133,102133,101600,417.00K,0.00%
1/21/2020,102133,101600,102222,101600,204.20K,0.00%
1/22/2020,102133,102133,102133,101511,418.25K,0.00%
1/30/2020,102133,101422,102133,99645,768.06K,0.00%
1/31/2020,102045,102133,102133,100978,935.71K,-0.09%
2/3/2020,102045,101156,102045,99822,855.47K,0.00%
2/4/2020,102045,100978,102045,99378,1.67M,0.00%
2/5/2020,101778,102045,102045,100445,526.97K,-0.26%
2/6/2020,101689,101778,101956,100267,760.83K,-0.09%
2/7/2020,101689,101333,101689,99556,1.46M,0.00%
2/10/2020,101067,100445,101422,100445,216.79K,-0.61%
2/11/2020,100800,100889,101511,100445,326.96K,-0.26%
2/12/2020,99556,100800,100800,99556,509.39K,-1.23%
2/13/2020,99911,99111,100178,99022,321.01K,0.36%
2/14/2020,97778,99822,100089,97778,283.94K,-2.14%
2/17/2020,96000,97778,97778,93333,835.00K,-1.82%
2/18/2020,92889,95111,95111,92445,890.85K,-3.24%
2/19/2020,93333,92000,95111,92000,984.74K,0.48%
2/20/2020,97778,94222,97778,93333,397.77K,4.76%
2/21/2020,97689,96533,97778,95822,347.69K,-0.09%
2/24/2020,95378,95200,96000,93778,1.61M,-2.37%
2/25/2020,95111,94845,95378,94133,611.80K,-0.28%
2/26/2020,94133,92445,94756,92445,703.59K,-1.03%
2/27/2020,93867,94045,94222,92533,832.97K,-0.28%
2/28/2020,93689,93333,93689,91556,979.70K,-0.19%
3/2/2020,93689,92445,93689,91289,834.90K,0.00%
3/3/2020,93778,93422,93867,92889,627.69K,0.09%
3/4/2020,93778,92978,93778,92000,499.29K,0.00%
3/5/2020,93867,93422,94133,92267,396.34K,0.09%
3/6/2020,93333,93333,93333,91645,844.68K,-0.57%
3/9/2020,86845,90222,90667,86845,1.09M,-6.95%
3/10/2020,86845,82667,88178,81067,928.68K,0.00%
3/11/2020,86222,87111,87111,80978,1.18M,-0.72%
3/12/2020,81600,80889,82045,80267,2.13M,-5.36%
3/13/2020,82222,76445,82222,75911,1.38M,0.76%
3/16/2020,82222,81778,82222,76978,1.09M,0.00%
3/17/2020,78667,79556,82045,77867,766.50K,-4.32%
3/18/2020,79111,78133,80000,76889,883.56K,0.56%
3/19/2020,78845,77245,78845,73867,1.24M,-0.34%
3/20/2020,73333,78845,78845,73333,1.22M,-6.99%
3/23/2020,68267,69333,69600,68267,762.93K,-6.91%
3/24/2020,63556,63822,66667,63556,1.66M,-6.90%
3/25/2020,68000,63556,68000,60445,1.58M,6.99%
3/26/2020,72711,68978,72711,67200,1.40M,6.93%
3/27/2020,77156,72889,77689,70667,1.29M,6.11%
3/30/2020,72356,71822,72889,71822,991.40K,-6.22%
3/31/2020,74133,72356,77333,71467,1.46M,2.46%
4/1/2020,76445,73333,77333,72000,492.55K,3.12%
4/3/2020,80889,76445,80889,76445,1.33M,5.81%
4/6/2020,86489,81778,86489,81156,3.04M,6.92%
4/7/2020,86489,86756,89689,82667,3.21M,0.00%
4/8/2020,83556,86222,86222,83556,855.14K,-3.39%
4/9/2020,85333,83556,86489,83378,1.76M,2.13%
4/10/2020,84445,85333,86045,83289,1.11M,-1.04%
4/13/2020,85333,85156,85333,84356,1.59M,1.05%
4/14/2020,84978,85778,85778,84000,710.58K,-0.42%
4/15/2020,85333,84978,85333,84356,1.32M,0.42%
4/16/2020,85245,85333,85333,84178,951.28K,-0.10%
4/17/2020,85422,84711,85422,79289,1.34M,0.21%
4/20/2020,85511,85422,85689,84356,1.19M,0.10%
4/21/2020,82667,84889,84889,82222,1.00M,-3.33%
4/22/2020,82222,81778,82489,80445,994.58K,-0.54%
4/23/2020,82667,82667,84356,82400,390.85K,0.54%
4/24/2020,82667,82667,83467,82133,337.77K,0.00%
4/27/2020,81778,84445,84445,81778,510.44K,-1.08%
4/28/2020,81778,82222,82578,81333,250.79K,0.00%
4/29/2020,81689,82667,83022,80445,353.70K,-0.11%
5/4/2020,81600,81689,82222,80000,291.99K,-0.11%
5/5/2020,82400,81600,82667,81600,309.04K,0.98%
5/6/2020,84445,82311,84445,82222,870.27K,2.48%
5/7/2020,85333,84445,85333,83556,695.03K,1.05%
5/8/2020,86667,85689,88889,85422,1.89M,1.56%
5/11/2020,86667,87111,87111,85245,1.53M,0.00%
5/12/2020,86222,86578,86578,84445,866.28K,-0.51%
5/13/2020,84445,84533,85333,81333,2.98M,-2.06%
5/14/2020,85333,84445,85956,83467,1.13M,1.05%
5/15/2020,86222,85333,86667,85156,368.61K,1.04%
5/18/2020,85778,86222,86222,84889,258.12K,-0.52%
5/19/2020,85778,86311,86578,85333,821.08K,0.00%
5/20/2020,85867,85689,86222,85422,286.57K,0.10%
5/21/2020,87111,86222,87111,86133,758.68K,1.45%
5/22/2020,85689,87111,87111,85689,329.55K,-1.63%
5/25/2020,86311,85511,86311,85333,243.45K,0.73%
5/26/2020,86133,86222,86667,85689,405.00K,-0.21%
5/27/2020,86133,86133,87022,85778,665.37K,0.00%
5/28/2020,86222,86133,86667,85600,354.14K,0.10%
5/29/2020,86222,86222,86667,85867,555.19K,0.00%
6/1/2020,86400,86222,86400,85778,541.68K,0.21%
6/2/2020,85956,86400,86400,85778,564.41K,-0.51%
6/3/2020,86045,85778,86045,84889,524.73K,0.10%
6/4/2020,85333,86045,86045,85333,619.58K,-0.83%
6/5/2020,84445,85333,85511,84445,591.60K,-1.04%
6/8/2020,85333,84622,86756,84622,542.45K,1.05%
6/9/2020,85511,86222,86222,85422,358.20K,0.21%
6/10/2020,84978,85511,85511,84800,549.55K,-0.62%
6/11/2020,82667,84978,85511,82667,856.73K,-2.72%
6/12/2020,81600,80000,82222,79911,985.43K,-1.29%
6/15/2020,79111,82667,82667,79111,890.67K,-3.05%
6/16/2020,83022,81333,84267,79911,740.79K,4.94%
6/17/2020,81689,82667,83022,80445,428.49K,-1.61%
6/18/2020,80889,81689,82222,80800,351.96K,-0.98%
6/19/2020,86489,80889,86489,80889,2.07M,6.92%
6/22/2020,86133,86222,86222,84622,571.52K,-0.41%
6/23/2020,83733,85511,85600,83733,486.71K,-2.79%
6/24/2020,84178,84000,84533,83556,241.11K,0.53%
6/25/2020,83022,82933,83911,82489,190.65K,-1.37%
6/26/2020,81333,83111,83911,81333,250.02K,-2.03%
6/29/2020,79111,81333,81689,79111,404.29K,-2.73%
6/30/2020,79111,80889,80889,79111,394.37K,0.00%
7/1/2020,80889,80444,81333,79111,103.57K,2.25%
7/2/2020,79911,80533,80978,79556,473.29K,-1.21%
7/3/2020,80178,80800,80889,79911,183.73K,0.33%
7/6/2020,81244,80178,81689,80178,319.52K,1.33%
7/7/2020,80889,81333,81956,80889,378.97K,-0.44%
7/8/2020,80711,80711,81333,80089,210.88K,-0.22%
7/9/2020,80889,80711,81600,80622,449.67K,0.22%
7/10/2020,81244,80889,81778,80889,217.50K,0.44%
7/13/2020,81156,81333,81422,80889,393.54K,-0.11%
7/14/2020,81156,81156,81600,80178,383.61K,0.00%
7/15/2020,80444,81511,81511,80444,432.27K,-0.88%
7/16/2020,82667,80800,82667,80533,369.06K,2.76%
7/17/2020,81333,81333,81778,80889,241.35K,-1.61%
7/20/2020,80178,80889,81244,80178,250.20K,-1.42%
7/21/2020,80178,81067,81067,80178,248.24K,0.00%
7/22/2020,79822,80000,80889,79822,227.37K,-0.44%
7/23/2020,80000,80000,80267,79556,204.39K,0.22%
7/24/2020,78222,79911,80000,74667,758.73K,-2.22%
7/27/2020,75556,74578,76444,73689,928.21K,-3.41%
7/28/2020,75733,75556,77333,71022,601.09K,0.23%
7/29/2020,74222,74667,75556,73778,426.79K,-2.00%
7/30/2020,75644,74222,76000,74222,272.28K,1.92%
7/31/2020,77778,74667,80000,74489,1.06M,2.82%
8/3/2020,77867,75556,78311,75556,184.85K,0.11%
8/4/2020,78222,78844,78844,77689,257.88K,0.46%
8/5/2020,77333,78222,78667,75378,488.80K,-1.14%
8/6/2020,77778,78222,78400,77422,373.88K,0.58%
8/7/2020,77778,77867,78400,77600,205.31K,0.00%
8/10/2020,78400,78222,79911,77689,610.37K,0.80%
8/11/2020,77778,79289,79289,77778,242.25K,-0.79%
8/12/2020,77689,77778,78667,77689,340.12K,-0.11%
8/13/2020,78222,78667,79111,77778,516.01K,0.69%
8/14/2020,77689,78222,79111,77689,735.83K,-0.68%
8/17/2020,77956,77333,78667,77156,423.22K,0.34%
8/18/2020,76889,77600,77956,76622,869.25K,-1.37%
8/19/2020,76889,76889,77867,76889,390.53K,0.00%
8/20/2020,76444,76978,77511,76444,1.11M,-0.58%
8/21/2020,76533,76444,77244,76356,423.89K,0.12%
8/24/2020,79111,76889,79111,76889,1.18M,3.37%
8/25/2020,80889,79111,81689,79111,1.21M,2.25%
8/26/2020,80889,80711,81067,80000,615.69K,0.00%
8/27/2020,80889,80089,80889,80089,492.69K,0.00%
8/28/2020,79911,81156,82044,79911,715.52K,-1.21%
8/31/2020,80000,80000,81333,80000,311.15K,0.11%
9/1/2020,82400,80178,83556,79911,759.72K,3.00%
9/3/2020,84000,83111,84978,82400,1.17M,1.94%
9/4/2020,83556,84000,84889,82933,929.20K,-0.53%
9/7/2020,81333,83556,84711,81333,523.57K,-2.66%
9/8/2020,80444,81422,82222,80444,700.08K,-1.09%
9/9/2020,80444,80356,82133,79467,974.11K,0.00%
9/10/2020,80444,80889,82222,80444,473.80K,0.00%
9/11/2020,80978,80000,82044,79911,462.77K,0.66%
9/14/2020,82756,81156,83200,81067,685.05K,2.20%
9/15/2020,84444,82844,84444,82844,1.11M,2.04%
9/16/2020,84889,84356,84889,82756,612.34K,0.53%
9/17/2020,83556,82756,84889,82667,938.10K,-1.57%
9/18/2020,83556,84444,84800,83111,1.23M,0.00%
9/21/2020,85333,83556,85333,83556,643.34K,2.13%
9/22/2020,84089,85333,85511,84089,568.38K,-1.46%
9/23/2020,84000,84444,85067,84000,125.81K,-0.11%
9/24/2020,82667,83378,84889,82667,437.56K,-1.59%
9/25/2020,82489,84000,84267,82489,463.74K,-0.22%
9/28/2020,82489,82667,83733,82489,228.19K,0.00%
9/29/2020,81333,83556,83556,81333,443.80K,-1.40%
9/30/2020,81333,81333,83022,81333,469.53K,0.00%
10/1/2020,82222,81689,83022,81689,239.07K,1.09%
10/2/2020,83556,82222,83556,81778,450.87K,1.62%
10/5/2020,82933,83556,83556,81778,101.76K,-0.75%
10/6/2020,81600,82933,82933,81600,586.34K,-1.61%
10/7/2020,82222,81333,83111,80889,429.21K,0.76%
10/8/2020,82044,81778,82578,81333,244.11K,-0.22%
10/9/2020,83200,82044,83289,82044,348.28K,1.41%
10/12/2020,83467,83200,83556,82222,367.08K,0.32%
10/13/2020,83644,83467,83644,83022,305.99K,0.21%
10/14/2020,84444,83644,84444,83556,437.92K,0.96%
10/15/2020,86667,84533,86667,80889,1.53M,2.63%
10/16/2020,86756,87200,87200,86133,671.16K,0.10%
10/19/2020,86844,86933,87022,86578,416.91K,0.10%
10/20/2020,86933,86578,87022,85156,575.16K,0.10%
10/21/2020,86489,86933,87022,85956,193.51K,-0.51%
10/22/2020,88978,86222,88978,86044,699.31K,2.88%
10/23/2020,92444,89067,93244,88889,1.98M,3.90%
10/26/2020,93422,96889,97333,93244,1.10M,1.06%
10/27/2020,93956,95111,95200,92444,904.52K,0.57%
10/28/2020,89067,93956,95111,87822,1.33M,-5.20%
10/29/2020,89511,89067,91556,88889,1.49M,0.50%
10/30/2020,94667,90222,94667,89511,1.09M,5.76%
11/2/2020,94667,94667,95111,93333,777.50K,0.00%
11/3/2020,92800,95111,95111,92800,844.95K,-1.97%
11/4/2020,92000,92711,92800,91556,557.26K,-0.86%
11/5/2020,92889,92622,95022,92444,888.59K,0.97%
11/6/2020,93422,94222,94222,92889,666.93K,0.57%
11/9/2020,94311,93422,94400,93067,904.14K,0.95%
11/10/2020,93867,94667,95289,93867,879.73K,-0.47%
11/11/2020,94044,93867,94222,91556,1.16M,0.19%
11/12/2020,94933,94044,94933,93333,767.99K,0.95%
11/13/2020,95467,94933,96000,94311,602.27K,0.56%
11/16/2020,90667,95467,96444,88889,2.00M,-5.03%
11/17/2020,94222,91556,94222,90844,970.11K,3.92%
11/18/2020,93244,94222,94222,91556,845.18K,-1.04%
11/19/2020,92444,93156,93156,91556,1.34M,-0.86%
11/20/2020,92267,92889,92889,91911,600.57K,-0.19%
11/23/2020,92267,92444,93422,91644,827.61K,0.00%
11/24/2020,92444,92356,93333,91644,913.75K,0.19%
11/25/2020,93867,92533,94400,92533,1.38M,1.54%
11/26/2020,94311,93333,94400,92889,613.63K,0.47%
11/27/2020,93511,94222,94311,93156,810.93K,-0.85%
11/30/2020,92356,93511,93778,92267,1.80M,-1.24%
12/1/2020,93333,91556,93333,91378,1.07M,1.06%
12/2/2020,93333,93244,93778,92622,560.15K,0.00%
12/3/2020,94044,93333,94044,92711,823.22K,0.76%
12/4/2020,94044,94044,94667,92889,896.69K,0.00%
12/7/2020,94044,94222,94222,93422,763.49K,0.00%
12/8/2020,93333,94044,94044,93156,840.69K,-0.76%
12/9/2020,94222,93333,94222,92800,888.51K,0.95%
12/10/2020,93244,94222,95111,93244,1.10M,-1.04%
12/11/2020,94933,93244,94933,93244,640.53K,1.81%
12/14/2020,96800,94844,96800,93778,1.26M,1.97%
12/15/2020,95111,96800,96800,94844,1.36M,-1.74%
12/16/2020,95111,94933,95200,94133,850.72K,0.00%
12/17/2020,93067,95111,95111,92978,1.52M,-2.15%
12/18/2020,93067,93067,94311,92889,1.52M,0.00%
12/21/2020,94578,93778,94578,93244,660.49K,1.62%
12/22/2020,93956,94222,95556,93600,583.11K,-0.66%
12/23/2020,93956,93956,95111,93689,789.11K,0.00%
12/24/2020,93956,95111,95111,92444,935.37K,0.00%
12/25/2020,94133,93956,94578,93333,416.59K,0.19%
12/28/2020,94133,94133,94756,93689,800.67K,0.00%
12/29/2020,94667,94311,94756,94044,688.90K,0.57%
12/30/2020,96444,94844,97422,94844,1.72M,1.88%
12/31/2020,96178,96444,97156,93778,738.04K,-0.28%
1/4/2021,96000,96444,96889,94667,1.11M,-0.19%
1/5/2021,97511,95289,97689,95289,1.34M,1.57%
1/6/2021,97956,97778,98222,96800,1.44M,0.46%
1/7/2021,97867,98133,98667,96889,970.09K,-0.09%
1/8/2021,99378,97867,100178,97867,1.52M,1.54%
1/11/2021,101156,100267,101867,100267,1.73M,1.79%
1/12/2021,101689,103111,103111,101067,1.10M,0.53%
1/13/2021,98756,101689,101867,98756,1.39M,-2.88%
1/14/2021,98133,99111,99822,97778,1.62M,-0.63%
1/15/2021,98844,99022,99733,97600,1.39M,0.72%
1/18/2021,98044,99556,99644,97867,930.26K,-0.81%
1/19/2021,91289,98044,98044,91200,1.54M,-6.89%
1/20/2021,91822,91556,93333,91111,2.11M,0.58%
1/21/2021,93422,93333,93511,91556,1.76M,1.74%
1/22/2021,93333,93422,94667,93333,1.23M,-0.10%
1/25/2021,93156,93333,94044,92533,930.71K,-0.19%
1/26/2021,90222,93156,93333,88533,1.16M,-3.15%
1/27/2021,88889,90222,91556,88444,1.68M,-1.48%
1/28/2021,82667,83822,85333,82667,1.96M,-7.00%
1/29/2021,88356,82222,88444,82222,1.90M,6.88%
2/1/2021,88000,88356,91556,87822,1.51M,-0.40%
2/2/2021,94133,88000,94133,88000,1.99M,6.97%
2/3/2021,95556,93333,96000,93333,1.91M,1.51%
2/4/2021,93333,95467,95556,90667,1.15M,-2.33%
2/5/2021,95556,93333,95556,93333,1.04M,2.38%
2/8/2021,89778,95822,95822,89778,3.85M,-6.05%
2/9/2021,94400,92444,94667,90222,1.98M,5.15%
2/17/2021,96000,94489,96000,94400,1.41M,1.69%
2/18/2021,97778,95556,97778,94311,1.61M,1.85%
2/19/2021,96889,95644,97333,95111,1.61M,-0.91%
2/22/2021,97511,97067,98400,94222,1.67M,0.64%
2/23/2021,97778,96178,99289,95556,1.57M,0.27%
2/24/2021,96178,99022,99022,94222,1.07M,-1.64%
2/25/2021,96800,97333,97689,94311,1.14M,0.65%
2/26/2021,96889,94400,97689,94400,1.04M,0.09%
3/1/2021,96444,97689,97689,95733,874.91K,-0.46%
3/2/2021,96178,96444,96978,94400,1.04M,-0.28%
3/3/2021,95022,94756,96178,94667,1.21M,-1.20%
3/4/2021,95022,95644,95911,94756,1.88M,0.00%
3/5/2021,94489,95022,95556,94044,1.46M,-0.56%
3/8/2021,94222,94667,95111,93333,1.56M,-0.28%
3/9/2021,92711,93333,94489,88889,1.79M,-1.60%
3/10/2021,94222,92889,94222,90756,648.34K,1.63%
3/11/2021,94133,94222,96000,93867,1.25M,-0.09%
3/12/2021,94133,94133,94667,93333,1.26M,0.00%
3/15/2021,94222,94133,94400,93689,2.96M,0.09%
3/16/2021,93689,94222,94222,93244,1.53M,-0.57%
3/17/2021,93067,92622,93600,92444,1.42M,-0.66%
3/18/2021,94756,93778,94756,93511,1.66M,1.81%
3/19/2021,96356,93867,96356,93867,1.83M,1.69%
3/22/2021,95378,96356,96356,92889,1.10M,-1.01%
3/23/2021,94667,94222,95111,93422,1.16M,-0.75%
3/24/2021,95911,93778,96000,92267,1.24M,1.31%
3/25/2021,98133,95378,99911,95200,4.86M,2.32%
3/26/2021,99911,97778,100889,97778,3.29M,1.81%
3/29/2021,100267,100000,100889,99822,3.53M,0.36%
3/30/2021,104000,100267,105422,99556,5.83M,3.72%
3/31/2021,104800,104444,106222,104000,3.18M,0.77%
4/1/2021,109333,105333,110578,104000,2.51M,4.33%
4/2/2021,109333,110133,110133,108000,2.54M,0.00%
4/5/2021,110489,112000,112178,109511,2.53M,1.06%
4/6/2021,112889,110489,115111,110222,2.23M,2.17%
4/7/2021,113511,112889,113778,111733,1.91M,0.55%
4/8/2021,111467,114133,114133,110222,1.70M,-1.80%
4/9/2021,111022,110933,111467,109422,1.97M,-0.40%
4/12/2021,117333,111022,118044,109689,3.92M,5.68%
4/13/2021,125067,123556,125511,120889,5.68M,6.59%
4/14/2021,124444,124444,126044,122756,4.62M,-0.50%
4/15/2021,125244,124356,128889,124356,3.85M,0.64%
4/16/2021,127111,125244,128089,124444,3.36M,1.49%
4/19/2021,128000,126311,128178,125422,3.17M,0.70%
4/20/2021,127200,128000,129689,127111,3.50M,-0.63%
4/22/2021,123378,126222,127022,122222,3.73M,-3.00%
4/23/2021,122933,123378,124000,118222,4.96M,-0.36%
4/26/2021,116889,123556,124000,116444,2.74M,-4.92%
4/27/2021,117422,116889,118222,116889,1.84M,0.46%
4/28/2021,116889,117422,118400,115378,1.81M,-0.45%
4/29/2021,116444,116889,118222,116178,2.45M,-0.38%
5/4/2021,118756,116089,119911,112800,1.95M,1.99%
5/5/2021,118844,118756,120711,118756,1.43M,0.07%
5/6/2021,117778,118844,119111,116444,1.20M,-0.90%
5/7/2021,117333,117333,117333,114222,1.99M,-0.38%
5/10/2021,117778,117333,117778,114756,1.24M,0.38%
5/11/2021,116444,117778,118578,116000,1.31M,-1.13%
5/12/2021,115378,115556,117333,113778,1.56M,-0.92%
5/13/2021,112444,113778,115556,112444,1.94M,-2.54%
5/14/2021,111378,112444,112889,109511,2.94M,-0.95%
5/17/2021,110222,112000,115556,110222,2.72M,-1.04%
5/18/2021,107556,110222,112000,107556,2.76M,-2.42%
5/19/2021,106756,106667,107556,104978,2.45M,-0.74%
5/20/2021,109244,106756,109511,106667,2.35M,2.33%
5/21/2021,108889,109333,109333,107111,1.83M,-0.32%
5/24/2021,108533,108889,109867,107556,2.23M,-0.33%
5/25/2021,108711,108800,108800,107733,1.70M,0.16%
5/26/2021,108178,108444,108622,107111,1.89M,-0.49%
5/27/2021,106933,107467,107556,105778,2.34M,-1.15%
5/28/2021,106489,106756,109333,105778,2.08M,-0.42%
5/31/2021,104444,106489,106667,103111,2.08M,-1.92%
6/1/2021,106667,103289,107556,103111,2.42M,2.13%
6/2/2021,104444,106844,108356,104000,3.52M,-2.08%
6/3/2021,105333,104889,105600,104000,2.80M,0.85%
6/4/2021,107556,105333,107556,105333,4.15M,2.11%
6/7/2021,109333,109156,112444,108444,4.14M,1.65%
6/8/2021,106489,111022,111733,105778,3.04M,-2.60%
6/9/2021,105600,106667,107556,104000,2.04M,-0.83%
6/10/2021,103556,105333,105956,103556,3.30M,-1.94%
6/11/2021,104889,104000,104889,103378,1.95M,1.29%
6/14/2021,106667,105067,107111,104978,2.17M,1.70%
6/15/2021,108178,106667,108444,106222,1.52M,1.42%
6/16/2021,105867,108178,108178,105778,1.33M,-2.14%
6/17/2021,104000,104889,105689,104000,3.20M,-1.76%
6/18/2021,104356,104889,105156,104000,2.01M,0.34%
6/21/2021,104356,104444,105689,104267,1.68M,0.00%
6/22/2021,104444,104889,105511,104089,2.43M,0.08%
6/23/2021,103911,104889,104978,103556,1.44M,-0.51%
6/24/2021,104444,104800,105067,103822,1.55M,0.51%
6/25/2021,104444,104178,104889,103733,1.98M,0.00%
6/28/2021,103733,104444,104533,103733,1.92M,-0.68%
6/29/2021,104889,103911,106044,103911,2.63M,1.11%
6/30/2021,105778,104889,108000,104889,3.02M,0.85%
7/1/2021,105422,106400,106578,105333,2.47M,-0.34%
7/2/2021,104444,104978,105689,104444,2.01M,-0.93%
7/5/2021,102222,104444,104444,102133,3.11M,-2.13%
7/6/2021,99556,102222,103111,99556,3.38M,-2.61%
7/7/2021,101333,99556,101333,97778,2.82M,1.78%
7/8/2021,98667,100444,100444,98222,1.67M,-2.63%
7/9/2021,96533,98489,98667,95556,2.01M,-2.16%
7/12/2021,92444,96444,97778,90400,3.22M,-4.24%
7/13/2021,91556,92533,93422,88000,2.65M,-0.96%
7/14/2021,91556,91556,94578,90667,2.91M,0.00%
7/15/2021,90667,91556,92178,89956,2.91M,-0.97%
7/16/2021,94044,90756,94311,90756,2.43M,3.72%
7/19/2021,91467,91644,93333,89333,2.08M,-2.74%
7/20/2021,91556,91200,91822,88889,2.40M,0.10%
7/21/2021,92444,91644,94667,90667,3.11M,0.97%
7/22/2021,94400,92444,94933,92178,2.52M,2.12%
7/23/2021,92444,94400,96711,92444,3.47M,-2.07%
7/26/2021,92622,93156,93689,91644,2.18M,0.19%
7/27/2021,92711,93333,94044,92711,1.62M,0.10%
7/28/2021,93511,92711,93778,92444,1.34M,0.86%
7/29/2021,93422,93778,93867,92889,1.21M,-0.10%
7/30/2021,95289,95111,95378,94222,2.63M,2.00%
8/2/2021,95556,95556,97422,95022,1.89M,0.28%
8/3/2021,101778,97244,102222,96889,8.20M,6.51%
8/4/2021,101333,102667,103467,101333,3.24M,-0.44%
8/5/2021,101333,101067,102222,100356,2.31M,0.00%
8/6/2021,100711,102222,103022,100711,3.40M,-0.61%
8/9/2021,100533,100622,101067,99200,3.62M,-0.18%
8/10/2021,100444,102222,102222,100444,3.18M,-0.09%
8/11/2021,98667,100444,101333,98667,2.68M,-1.77%
8/12/2021,98756,98667,100356,98222,2.06M,0.09%
8/13/2021,98578,99111,99733,98222,2.38M,-0.18%
8/16/2021,98311,99556,100178,98311,3.47M,-0.27%
8/17/2021,98900,100000,103400,98900,4.89M,0.60%
8/18/2021,97900,99000,100200,97900,2.30M,-1.01%
8/19/2021,104000,97900,104000,96700,3.52M,6.23%
8/20/2021,97700,100000,102000,97200,4.95M,-6.06%
8/23/2021,96200,97500,97700,95800,2.16M,-1.54%
8/24/2021,95400,96400,97000,95100,1.42M,-0.83%
8/25/2021,94600,95400,95400,93000,2.06M,-0.84%
8/26/2021,93100,94600,94600,93000,1.77M,-1.59%
8/27/2021,94800,93000,95000,91500,2.49M,1.83%
8/30/2021,94100,95000,95300,94100,1.41M,-0.74%
8/31/2021,94100,94100,95100,93800,1.53M,0.00%
9/1/2021,94100,94100,95000,94100,1.30M,0.00%
9/6/2021,95000,94400,95800,94200,1.93M,0.96%
9/7/2021,93900,95500,95500,93900,2.28M,-1.16%
9/8/2021,92000,94000,94300,92000,2.51M,-2.02%
9/9/2021,91300,92200,92400,91300,2.70M,-0.76%
9/10/2021,91300,91800,92000,91300,1.61M,0.00%
9/13/2021,92000,91800,93400,91600,1.83M,0.77%
9/14/2021,92000,92300,92900,91900,1.42M,0.00%
9/15/2021,91400,92000,92400,91300,1.04M,-0.65%
9/16/2021,87800,91400,91400,87800,15.13M,-3.94%
9/17/2021,86800,88000,89200,86800,5.57M,-1.14%
9/20/2021,86700,87000,88900,86000,4.01M,-0.12%
9/21/2021,85600,85500,86400,85000,4.52M,-1.27%
9/22/2021,86100,85600,86900,85400,2.85M,0.58%
9/23/2021,87100,86500,87400,86400,2.66M,1.16%
9/24/2021,87000,87100,87500,86300,3.21M,-0.11%
9/27/2021,86100,87000,87500,83200,3.00M,-1.03%
9/28/2021,86500,85300,87000,85200,2.39M,0.46%
9/29/2021,86700,86700,86900,86000,1.91M,0.23%
9/30/2021,88000,86500,89400,86500,3.40M,1.50%
10/1/2021,87700,88000,88400,87200,1.73M,-0.34%
10/4/2021,87800,87600,88000,87100,1.57M,0.11%
10/5/2021,88600,87800,88800,87100,2.37M,0.91%
10/6/2021,88600,88800,89000,88100,1.74M,0.00%
10/7/2021,88800,88300,89500,88300,2.29M,0.23%
10/8/2021,89300,89000,89500,88800,1.30M,0.56%
10/11/2021,91900,89400,92000,89400,2.69M,2.91%
10/12/2021,92900,92000,93000,92000,2.44M,1.09%
10/13/2021,93100,93000,93800,92800,2.58M,0.22%
10/14/2021,92500,93200,93200,91500,2.68M,-0.64%
10/15/2021,92600,92500,93000,92000,1.55M,0.11%
10/18/2021,92600,92300,92900,91100,2.04M,0.00%
10/19/2021,92400,92600,92700,91500,1.69M,-0.22%
10/20/2021,92300,92300,92500,89900,3.13M,-0.11%
10/21/2021,91000,91700,92600,91000,2.85M,-1.41%
10/22/2021,91800,91000,91800,90800,1.43M,0.88%
10/25/2021,92100,91900,92500,91200,1.34M,0.33%
10/26/2021,92200,91800,92200,90900,1.34M,0.11%
10/27/2021,95000,92000,95000,91600,3.91M,3.04%
10/28/2021,95000,95000,95400,93600,2.09M,0.00%
10/29/2021,95800,94200,96500,94200,2.27M,0.84%
11/1/2021,95800,95800,96000,94900,2.23M,0.00%
11/2/2021,95800,95700,96000,94900,1.65M,0.00%
11/3/2021,95300,95800,95800,93900,3.57M,-0.52%
11/4/2021,95000,95200,95500,94000,1.88M,-0.31%
11/5/2021,95000,94500,95000,94000,1.79M,0.00%
11/8/2021,94900,95000,95500,94500,1.79M,-0.11%
11/9/2021,94900,95400,95400,93200,2.37M,0.00%
11/10/2021,94900,95100,95200,93600,1.68M,0.00%
11/11/2021,94800,94900,95000,93900,2.19M,-0.11%
11/12/2021,94500,94800,94800,93900,1.13M,-0.32%
11/15/2021,95000,94500,95100,94000,1.92M,0.53%
11/16/2021,94800,95000,95100,93900,1.64M,-0.21%
11/17/2021,96300,94700,97000,94200,2.82M,1.58%
11/18/2021,94500,97000,98500,94500,3.87M,-1.87%
11/19/2021,94800,94600,96000,94000,2.03M,0.32%
11/22/2021,94800,94500,95000,93000,2.15M,0.00%
11/23/2021,94800,94000,95000,93500,1.38M,0.00%
11/24/2021,94100,94800,95200,93500,2.05M,-0.74%
11/25/2021,94000,94800,94800,93800,1.40M,-0.11%
11/26/2021,98500,95900,100000,95200,8.68M,4.79%
11/29/2021,105300,99000,105300,98500,8.74M,6.90%
11/30/2021,105000,105500,106900,103500,4.67M,-0.28%
12/1/2021,106000,105000,107300,104000,4.08M,0.95%
12/2/2021,107200,106000,108500,105100,4.43M,1.13%
12/3/2021,105500,109100,109600,105500,5.15M,-1.59%
12/6/2021,105600,107900,109000,103600,5.83M,0.09%
12/7/2021,106700,107400,107500,105600,3.03M,1.04%
12/8/2021,105900,106500,107000,103500,3.54M,-0.75%
12/9/2021,107000,105000,107500,104000,3.17M,1.04%
12/10/2021,103100,107000,107200,103100,3.08M,-3.64%
12/13/2021,103200,102700,104500,101000,4.08M,0.10%
12/14/2021,102500,103000,103100,101600,2.63M,-0.68%
12/15/2021,100000,102700,102700,99900,2.90M,-2.44%
12/16/2021,100000,100000,101500,98300,3.10M,0.00%
12/17/2021,102000,100000,102700,98800,6.66M,2.00%
12/20/2021,99000,102000,102000,99000,1.37M,-2.94%
12/21/2021,98100,99000,100800,98100,1.47M,-0.91%
12/22/2021,99600,98200,100100,98200,2.41M,1.53%
12/23/2021,96000,99600,100000,96000,2.77M,-3.61%
12/24/2021,96500,96500,96900,95100,1.42M,0.52%
12/27/2021,99000,97000,99000,96500,1.91M,2.59%
12/28/2021,98400,99100,99300,96500,1.74M,-0.61%
12/29/2021,95500,98000,98000,95200,2.29M,-2.95%
12/30/2021,95000,95800,96400,95000,1.66M,-0.52%
12/31/2021,95100,95200,96300,94200,1.27M,0.11%
1/4/2022,101000,96000,101500,95700,3.07M,6.20%
1/5/2022,100000,100800,102200,99500,3.40M,-0.99%
1/6/2022,104500,101000,106400,100500,5.06M,4.50%
1/7/2022,102200,106400,106400,102200,3.11M,-2.20%
1/10/2022,102300,102500,105500,102200,2.91M,0.10%
1/11/2022,101000,102000,102000,99800,2.24M,-1.27%
1/12/2022,100800,101500,101500,98000,2.34M,-0.20%
1/13/2022,98800,101000,101000,98500,1.96M,-1.98%
1/14/2022,98900,98200,99600,98200,1.02M,0.10%
1/17/2022,97000,99000,99200,94500,2.63M,-1.92%
1/18/2022,95900,97000,97000,94100,2.03M,-1.13%
1/19/2022,95800,95000,95900,93500,2.48M,-0.10%
1/20/2022,95000,94600,96300,94600,1.69M,-0.84%
1/21/2022,95500,95900,96000,93300,3.19M,0.53%
1/24/2022,95000,94900,96000,92500,3.94M,-0.52%
1/25/2022,96000,95000,97700,93400,3.20M,1.05%
1/26/2022,96400,96500,96500,94500,1.93M,0.42%
1/27/2022,96500,96500,96500,94200,2.56M,0.10%
1/28/2022,97000,95100,97000,94500,3.00M,0.52%
2/7/2022,91200,96400,97500,91200,7.41M,-5.98%
2/8/2022,87300,91300,92300,86700,8.01M,-4.28%
2/9/2022,85700,87600,88700,84900,8.81M,-1.83%
2/10/2022,84000,85700,86000,81700,11.09M,-1.98%
2/11/2022,81700,83000,83600,81500,7.85M,-2.74%
2/14/2022,81800,81700,84000,80700,4.97M,0.12%
2/15/2022,83700,82000,83800,81800,3.00M,2.32%
2/16/2022,82900,83900,83900,82700,1.99M,-0.96%
2/17/2022,83100,82800,83500,82000,2.87M,0.24%
2/18/2022,82200,82500,82800,82000,2.91M,-1.08%
2/21/2022,83600,82100,83800,82000,2.51M,1.70%
2/22/2022,82000,83000,83300,81800,2.98M,-1.91%
2/23/2022,82500,82100,82500,82000,1.44M,0.61%
2/24/2022,80100,82300,82400,79300,6.37M,-2.91%
2/25/2022,79100,80900,80900,79100,3.39M,-1.25%
2/28/2022,77000,79500,79500,77000,4.68M,-2.65%
3/1/2022,79200,77100,79900,77000,3.47M,2.86%
3/2/2022,78900,79200,79200,77200,2.40M,-0.38%
3/3/2022,79000,78900,80400,78300,2.61M,0.13%
3/4/2022,79000,79000,79300,77800,3.82M,0.00%
3/7/2022,78500,78400,79000,77300,2.44M,-0.63%
3/8/2022,77900,78000,78900,77100,4.29M,-0.76%
3/9/2022,78000,78100,78700,77300,3.05M,0.13%
3/10/2022,79100,78500,80600,78000,4.37M,1.41%
3/11/2022,79000,78800,79000,77800,2.22M,-0.13%
3/14/2022,78300,78800,78800,77400,2.62M,-0.89%
3/15/2022,78300,78000,78600,77000,2.73M,0.00%
3/16/2022,78100,78300,78400,77200,2.95M,-0.26%
3/17/2022,78400,78300,78500,77300,2.57M,0.38%
3/18/2022,78800,78300,79500,77400,5.52M,0.51%
3/21/2022,81000,78800,81000,78300,3.71M,2.79%
3/22/2022,82200,81000,82400,81000,3.63M,1.48%
3/23/2022,81400,82100,82400,81400,1.53M,-0.97%
3/24/2022,81000,81400,81400,80400,2.00M,-0.49%
3/25/2022,81000,80600,81000,79700,2.19M,0.00%
3/28/2022,80500,79900,81200,79700,2.34M,-0.62%
3/29/2022,80800,80000,81800,79800,2.80M,0.37%
3/30/2022,81100,82500,82700,80400,3.09M,0.37%
3/31/2022,81200,81100,82300,81000,1.37M,0.12%
4/1/2022,82100,81400,82500,80900,2.61M,1.11%
4/4/2022,82700,82500,82800,81500,2.73M,0.73%
4/5/2022,82300,82500,83100,81700,3.59M,-0.48%
4/6/2022,80500,80500,82300,79500,5.68M,-2.19%
4/7/2022,79500,80200,80300,77600,3.70M,-1.24%
4/8/2022,81700,80000,82400,80000,5.19M,2.77%
4/12/2022,81300,81400,81400,80300,2.36M,-0.49%
4/13/2022,82200,81000,82300,80700,3.15M,1.11%
4/14/2022,81700,81600,82200,81100,1.76M,-0.61%
4/15/2022,80700,81500,81800,80600,1.68M,-1.22%
4/18/2022,79500,80000,80100,78100,2.98M,-1.49%
4/19/2022,78800,78600,79800,77800,1.82M,-0.88%
4/20/2022,79300,78000,79800,78000,1.71M,0.63%
4/21/2022,77500,79000,79500,77500,2.68M,-2.27%
4/22/2022,77700,77700,79000,77600,1.87M,0.26%
4/25/2022,76200,77800,79200,72700,2.74M,-1.93%
4/26/2022,78000,73500,78500,73500,3.66M,2.36%
4/27/2022,78000,77500,78000,75000,2.79M,0.00%
4/28/2022,77900,78000,78200,76300,1.39M,-0.13%
4/29/2022,80000,77500,80000,76600,2.15M,2.70%
5/4/2022,79700,79600,80000,77700,1.44M,-0.38%
5/5/2022,80000,79600,80000,78500,1.86M,0.38%
5/6/2022,79800,78500,80000,78000,1.69M,-0.25%
5/9/2022,79100,78700,79200,77900,2.43M,-0.88%
5/10/2022,80400,78900,80400,78100,2.62M,1.64%
5/11/2022,80500,80200,80500,78700,1.98M,0.12%
5/12/2022,79000,80000,80000,77100,2.47M,-1.86%
5/13/2022,78000,79000,79000,77200,3.13M,-1.27%
5/16/2022,77000,79000,79000,76200,1.99M,-1.28%
5/17/2022,78000,76000,78000,75200,1.86M,1.30%
5/18/2022,78000,78000,78000,76000,2.96M,0.00%
5/19/2022,77900,76400,79000,76200,2.65M,-0.13%
5/20/2022,77800,77900,77900,76500,2.33M,-0.13%
5/23/2022,77400,77600,77700,76200,2.64M,-0.51%
5/24/2022,77600,77000,77600,76400,1.57M,0.26%
5/25/2022,77700,77600,78100,76700,1.36M,0.13%
5/26/2022,77700,77700,77700,76800,2.08M,0.00%
5/27/2022,78000,77400,78000,77000,1.58M,0.39%
5/30/2022,78500,78000,78500,77200,1.39M,0.64%
5/31/2022,78800,78000,79500,77700,1.78M,0.38%
6/1/2022,79300,78600,79400,78300,1.54M,0.63%
6/2/2022,78900,79200,79200,77600,2.94M,-0.50%
6/3/2022,78800,78100,79200,78000,1.25M,-0.13%
6/6/2022,78500,78700,78900,77900,1.50M,-0.38%
6/7/2022,78000,78500,78500,77700,1.56M,-0.64%
6/8/2022,78100,77800,78700,77600,1.44M,0.13%
6/9/2022,78100,78000,78200,77300,1.54M,0.00%
6/10/2022,78000,77800,78200,77500,979.60K,-0.13%
6/13/2022,76400,76600,77400,76200,1.80M,-2.05%
6/14/2022,76600,76200,76600,75200,2.06M,0.26%
6/15/2022,76700,76600,76900,75300,2.04M,0.13%
6/16/2022,76600,76000,77700,75800,1.60M,-0.13%
6/17/2022,76600,75800,76600,75100,3.73M,0.00%
6/20/2022,75600,76600,76600,75300,2.13M,-1.31%
6/21/2022,75000,75200,75200,73800,1.96M,-0.79%
6/22/2022,75000,74700,75000,73600,1.42M,0.00%
6/23/2022,74200,74100,74200,73000,1.55M,-1.07%
6/24/2022,74600,73500,74600,72000,1.51M,0.54%
6/27/2022,73800,73800,74800,73500,1.82M,-1.07%
6/28/2022,73600,73000,73800,72400,2.23M,-0.27%
6/29/2022,73400,72800,73400,72300,1.43M,-0.27%
6/30/2022,73500,72700,73500,72400,1.88M,0.14%
7/1/2022,72600,73200,73400,72100,1.87M,-1.22%
7/4/2022,72700,72400,72700,72200,758.30K,0.14%
7/5/2022,72300,72700,72800,72000,1.48M,-0.55%
7/6/2022,67500,72000,72100,67500,2.17M,-6.64%
7/7/2022,69800,68000,69800,66500,2.17M,3.41%
7/8/2022,70000,70000,70700,67500,1.41M,0.29%
7/11/2022,70000,67700,70000,66200,2.39M,0.00%
7/12/2022,69900,68600,70200,68000,1.21M,-0.14%
7/13/2022,69500,68600,70000,68300,2.00M,-0.57%
7/14/2022,69500,69500,69800,68500,1.41M,0.00%
7/15/2022,69600,69100,69800,68600,1.58M,0.14%
7/18/2022,68000,69600,69600,68000,1.09M,-2.30%
7/19/2022,68800,68000,69000,68000,655.40K,1.18%
7/20/2022,68200,68800,69000,68200,626.10K,-0.87%
7/21/2022,68500,68200,68800,68100,930.60K,0.44%
7/22/2022,66500,68100,68500,66500,674.70K,-2.92%
7/25/2022,67300,66900,67400,66500,755.80K,1.20%
7/26/2022,66100,66100,67600,66100,592.70K,-1.78%
7/27/2022,66500,66200,66800,66000,581.40K,0.61%
7/28/2022,67000,66600,67100,66000,1.15M,0.75%
7/29/2022,64000,67800,67800,64000,1.91M,-4.48%
8/1/2022,64700,64900,65100,64100,1.26M,1.09%
8/2/2022,66600,64800,66600,64500,1.37M,2.94%
8/3/2022,66000,65800,66400,65100,1.25M,-0.90%
8/4/2022,66400,66000,66400,65400,1.15M,0.61%
8/5/2022,65400,65900,66200,65200,1.13M,-1.51%
8/8/2022,64600,65400,65700,64600,1.01M,-1.22%
8/9/2022,65300,64800,65400,64700,792.00K,1.08%
8/10/2022,64800,65000,65600,64700,967.90K,-0.77%
8/11/2022,65800,65600,66400,65000,1.67M,1.54%
8/12/2022,66200,65800,66200,65500,811.20K,0.61%
8/15/2022,66400,66300,66500,66100,802.10K,0.30%
8/16/2022,65900,66400,66400,65700,862.20K,-0.75%
8/17/2022,67300,66200,67800,66000,2.20M,2.12%
8/18/2022,68100,67200,69300,67200,2.77M,1.19%
8/19/2022,67900,68000,68400,66800,1.22M,-0.29%
8/22/2022,66000,67200,68000,66000,1.47M,-2.80%
8/23/2022,65000,65500,65600,64800,1.44M,-1.52%
8/24/2022,64900,65200,65800,64900,787.50K,-0.15%
8/25/2022,65900,65000,65900,65000,483.00K,1.54%
8/26/2022,65000,66000,66000,65000,861.30K,-1.37%
8/29/2022,63600,64300,64400,63000,1.34M,-2.15%
8/30/2022,63600,63600,64100,63200,868.40K,0.00%
8/31/2022,63700,64000,65700,63700,1.24M,0.16%
9/5/2022,64000,64800,65200,64000,1.31M,0.47%
9/6/2022,63300,64100,64800,63100,1.34M,-1.09%
9/7/2022,62500,63300,63400,62500,1.35M,-1.26%
9/8/2022,62900,63300,63600,62400,841.20K,0.64%
9/9/2022,64400,63200,64400,62900,1.19M,2.38%
9/12/2022,64000,64900,64900,63800,552.90K,-0.62%
9/13/2022,64100,64000,64300,63600,1.06M,0.16%
9/14/2022,63400,63500,63700,62100,711.00K,-1.09%
9/15/2022,63900,63500,64000,62800,851.30K,0.79%
9/16/2022,62500,63200,64500,62500,1.68M,-2.19%
9/19/2022,62900,62500,63300,62100,786.00K,0.64%
9/20/2022,63900,62600,63900,62600,800.10K,1.59%
9/21/2022,63100,63500,63600,62700,482.70K,-1.25%
9/22/2022,63300,62500,63300,58700,1.24M,0.32%
9/23/2022,62600,63000,63300,62000,324.20K,-1.11%
9/26/2022,62000,61800,62600,61600,1.20M,-0.96%
9/27/2022,61000,62100,62200,60800,639.10K,-1.61%
9/28/2022,57500,60100,60800,57500,1.14M,-5.74%
9/29/2022,54600,57700,58200,54300,1.70M,-5.04%
9/30/2022,55000,53300,56400,53300,1.72M,0.73%
10/3/2022,55500,54900,55500,53000,1.45M,0.91%
10/4/2022,57000,56000,57000,54600,1.30M,2.70%
10/5/2022,60000,57500,60900,57000,1.33M,5.26%
10/6/2022,60100,59800,62000,58100,1.01M,0.17%
10/7/2022,60200,60500,60700,58300,2.99M,0.17%
10/10/2022,60200,60200,60900,57700,1.24M,0.00%
10/11/2022,60000,58300,60100,56700,2.19M,-0.33%
10/12/2022,60000,60000,60200,58300,1.71M,0.00%
10/13/2022,60400,58700,61000,58200,1.25M,0.67%
10/14/2022,59700,60500,60500,58400,779.40K,-1.16%
10/17/2022,56000,58600,59000,56000,738.70K,-6.20%
10/18/2022,58400,56500,58600,56500,606.10K,4.29%
10/19/2022,58500,58500,58700,56500,826.40K,0.17%
10/20/2022,58600,58100,58700,57200,1.10M,0.17%
10/21/2022,56800,58500,58500,54500,1.41M,-3.07%
10/24/2022,56500,56000,56600,52900,1.61M,-0.53%
10/25/2022,56100,56300,56300,53000,1.45M,-0.71%
10/26/2022,54800,56100,56100,53500,1.05M,-2.32%
10/27/2022,55000,54600,55000,52500,1.97M,0.36%
10/28/2022,55700,55400,55800,53500,1.28M,1.27%
10/31/2022,55400,56000,56400,54300,1.05M,-0.54%
11/1/2022,55400,55700,55800,54000,1.42M,0.00%
11/2/2022,55400,55300,55400,54000,1.35M,0.00%
11/3/2022,55100,54400,55100,54300,909.70K,-0.54%
11/4/2022,54300,54900,54900,52100,1.62M,-1.45%
11/7/2022,53400,54000,54000,51700,1.70M,-1.66%
11/8/2022,53300,52200,53300,49700,2.48M,-0.19%
11/9/2022,53700,53300,54300,52200,1.57M,0.75%
11/10/2022,53000,53600,54000,52000,1.56M,-1.30%
11/11/2022,54300,53000,54800,52500,938.50K,2.45%
11/14/2022,55000,54200,55500,53100,1.39M,1.29%
11/15/2022,57000,55900,57500,55000,1.58M,3.64%
11/16/2022,60400,56900,60900,56100,2.25M,5.96%
11/17/2022,64600,62400,64600,60500,4.79M,6.95%
11/18/2022,65600,66900,66900,63100,1.69M,1.55%
11/21/2022,64000,66000,66700,63600,1.20M,-2.44%
11/22/2022,61000,64000,65900,61000,1.47M,-4.69%
11/23/2022,59700,60100,62600,59700,998.80K,-2.13%
11/24/2022,61000,60000,62100,60000,1.14M,2.18%
11/25/2022,65000,63000,65000,62600,2.29M,6.56%
11/28/2022,65000,66500,67100,65000,3.25M,0.00%
11/29/2022,69400,65000,69400,64200,3.56M,6.77%
11/30/2022,69600,69500,70200,68000,3.23M,0.29%
12/1/2022,66000,69400,69600,66000,3.20M,-5.17%
12/2/2022,68800,65100,68800,65100,3.59M,4.24%
12/5/2022,68100,68800,70000,68000,2.30M,-1.02%
12/6/2022,66600,68100,68500,65000,1.80M,-2.20%
12/7/2022,71200,69200,71200,68500,9.42M,6.91%
12/8/2022,69900,74400,74500,69900,5.60M,-1.83%
12/9/2022,67800,70500,71700,67800,2.66M,-3.00%
12/12/2022,63100,67800,68000,63100,2.85M,-6.93%
12/13/2022,61600,63900,64000,60100,2.86M,-2.38%
12/14/2022,60800,62500,63700,60300,2.90M,-1.30%
12/15/2022,60600,61100,61600,60300,2.31M,-0.33%
12/16/2022,58400,60600,60800,58400,3.28M,-3.63%
12/19/2022,56500,59000,59400,56500,2.87M,-3.25%
12/20/2022,55900,56500,57800,55100,2.09M,-1.06%
12/21/2022,54900,56600,57000,54800,2.48M,-1.79%
12/22/2022,55000,56000,57000,55000,2.43M,0.18%
12/23/2022,55100,55300,55900,53900,1.87M,0.18%
12/26/2022,52900,55000,55000,52500,2.37M,-3.99%
12/27/2022,53400,52900,54800,52100,1.84M,0.95%
12/28/2022,53500,53500,53500,52100,2.09M,0.19%
12/29/2022,53600,53200,54000,52500,2.14M,0.19%
12/30/2022,53800,53800,53900,53000,2.46M,0.37%
1/3/2023,56800,53800,56800,53400,2.01M,5.58%
1/4/2023,56000,56900,57100,55900,1.93M,-1.41%
1/5/2023,56200,56100,56900,55800,1.64M,0.36%
1/6/2023,56100,56000,56100,54900,1.95M,-0.18%
1/9/2023,55000,56200,56200,55000,1.20M,-1.96%
1/10/2023,54500,55000,55000,53600,1.74M,-0.91%
1/11/2023,55100,54500,55500,54100,1.09M,1.10%
1/12/2023,55000,55500,55500,54500,1.07M,-0.18%
1/13/2023,55000,55000,55300,54400,1.22M,0.00%
1/16/2023,54800,55000,55000,53400,1.69M,-0.36%
1/17/2023,55200,53500,55200,53500,1.37M,0.73%
1/18/2023,56700,55400,56700,55000,1.65M,2.72%
1/19/2023,57400,56300,57400,56000,2.34M,1.23%
1/27/2023,59200,57800,59300,57600,2.20M,3.14%
1/30/2023,57700,59500,59500,57500,1.12M,-2.53%
1/31/2023,57100,58100,58500,56500,1.38M,-1.04%
2/1/2023,55200,57600,57600,54800,1.85M,-3.33%
2/2/2023,55800,55200,56100,55100,1.33M,1.09%
2/3/2023,56000,56000,56000,55000,1.20M,0.36%
2/6/2023,56000,55300,56000,54300,1.42M,0.00%
2/7/2023,55000,56000,56000,53600,1.65M,-1.79%
2/8/2023,54400,54600,54600,53000,2.15M,-1.09%
2/9/2023,54200,53500,54500,52400,3.01M,-0.37%
2/10/2023,54000,53500,54300,52600,1.70M,-0.37%
2/13/2023,53400,53100,53600,52500,1.41M,-1.11%
2/14/2023,52900,53100,53100,50800,3.12M,-0.94%
2/15/2023,52900,52700,52900,50900,3.35M,0.00%
2/16/2023,53400,53000,53700,51400,3.24M,0.95%
2/17/2023,53500,53400,53500,52200,1.87M,0.19%
2/20/2023,54100,53300,55000,53000,1.52M,1.12%
2/21/2023,54300,54200,54700,53700,1.50M,0.37%
2/22/2023,53000,53500,53600,52400,2.56M,-2.39%
2/23/2023,53000,52800,53100,51100,2.39M,0.00%
2/24/2023,52900,52100,52900,51700,2.21M,-0.19%
2/27/2023,52500,52000,52500,51400,1.39M,-0.76%
2/28/2023,52600,52500,53000,52000,912.50K,0.19%
3/1/2023,52700,52000,53300,51600,794.70K,0.19%
3/2/2023,52800,52500,53300,52300,769.30K,0.19%
3/3/2023,52700,52800,53000,52200,785.90K,-0.19%
3/6/2023,52600,52700,53300,52100,1.57M,-0.19%
3/7/2023,52700,53000,53200,52400,1.44M,0.19%
3/8/2023,53000,52200,53300,52200,831.90K,0.57%
3/9/2023,53000,53000,53600,52600,1.04M,0.00%
3/10/2023,53100,53000,53300,52500,899.80K,0.19%
3/13/2023,53300,53100,53400,52500,996.80K,0.38%
3/14/2023,53000,53200,53200,52600,1.02M,-0.56%
3/15/2023,54000,53000,54000,53000,1.18M,1.89%
3/16/2023,53300,54000,55700,53000,3.16M,-1.30%
3/17/2023,53200,53900,54000,52400,3.12M,-0.19%
3/20/2023,52800,53000,53200,51400,3.36M,-0.75%
3/21/2023,52800,52800,53400,51600,1.77M,0.00%
3/22/2023,52800,52600,52900,52100,1.80M,0.00%
3/23/2023,52800,52200,52800,52100,2.07M,0.00%
3/24/2023,53300,52800,53700,52500,830.70K,0.95%
3/27/2023,53300,53300,53800,52800,702.00K,0.00%
3/28/2023,53400,53300,53600,53200,782.50K,0.19%
3/29/2023,53500,53500,53600,52900,585.70K,0.19%
3/30/2023,53700,53500,54900,53400,993.60K,0.37%
3/31/2023,55000,53600,55200,53600,2.62M,2.42%
4/3/2023,58000,55900,58800,55600,4.85M,5.45%
4/4/2023,56800,58500,58700,56800,1.87M,-2.07%
4/5/2023,55500,56700,56700,55000,1.97M,-2.29%
4/6/2023,54500,56400,56400,54500,2.06M,-1.80%
4/7/2023,54400,55000,55000,53400,2.38M,-0.18%
4/10/2023,53800,54500,54600,53300,2.15M,-1.10%
4/11/2023,53600,53700,53700,52800,1.85M,-0.37%
4/12/2023,53100,53300,53500,52600,3.65M,-0.93%
4/13/2023,53000,53100,53500,52700,1.92M,-0.19%
4/14/2023,52900,53200,53500,52700,1.66M,-0.19%
4/17/2023,52900,52900,53000,52400,1.76M,0.00%
4/18/2023,52800,52900,52900,52400,1.76M,-0.19%
4/19/2023,52600,52600,52700,52300,1.75M,-0.38%
4/20/2023,52600,52500,52700,52200,1.22M,0.00%
4/21/2023,52700,52600,52700,52100,1.70M,0.19%
4/24/2023,52600,52700,52700,52200,1.50M,-0.19%
4/25/2023,52500,52800,52800,51800,2.72M,-0.19%
4/26/2023,51900,52400,52400,51700,1.84M,-1.14%
4/27/2023,50500,51800,51800,50500,3.60M,-2.70%
4/28/2023,52100,50600,52100,50600,2.24M,3.17%
5/4/2023,51300,52100,52100,51100,1.50M,-1.54%
5/5/2023,50700,50900,51400,50600,1.30M,-1.17%
5/8/2023,50900,50700,50900,50500,1.34M,0.39%
5/9/2023,50600,50900,51000,50400,1.11M,-0.59%
5/10/2023,50600,50800,50800,50400,1.07M,0.00%
5/11/2023,50500,50700,50700,50300,1.19M,-0.20%
5/12/2023,51700,50700,51900,50500,2.09M,2.38%
5/15/2023,54400,54900,54900,54000,4.52M,5.22%
5/16/2023,52900,54600,54800,52800,2.62M,-2.76%
5/17/2023,53200,52900,53800,52500,2.17M,0.57%
5/18/2023,53200,53600,53800,53000,2.08M,0.00%
5/19/2023,52500,53400,53400,52100,1.93M,-1.32%
5/22/2023,52100,52500,52700,51900,1.86M,-0.76%
5/23/2023,52600,52200,53500,52200,2.02M,0.96%
5/24/2023,52600,52800,52800,52300,1.29M,0.00%
5/25/2023,52600,52600,52700,52200,1.45M,0.00%
5/26/2023,52000,52400,52500,52000,1.59M,-1.14%
5/29/2023,52700,52000,52900,52000,1.38M,1.35%
5/30/2023,52400,52700,52900,52300,1.32M,-0.57%
5/31/2023,52000,52400,52400,52000,2.43M,-0.76%
6/1/2023,52000,52000,52200,51600,1.53M,0.00%
6/2/2023,52000,52000,52300,51900,1.73M,0.00%
6/5/2023,52100,52100,52500,52000,1.82M,0.19%
6/6/2023,53200,52200,53200,52200,2.12M,2.11%
6/7/2023,52800,53300,53600,52600,1.66M,-0.75%
6/8/2023,52400,52800,53000,52400,1.44M,-0.76%
6/9/2023,52300,52500,52600,52200,819.00K,-0.19%
